﻿<?xml version="1.0" encoding="utf-8"?>
<Defs>
  <ThingDef ParentName="VBeltBase">
    <defName>VanyaES_VC6s</defName>
    <label>VV-C6 shield belt</label>
    <description>A single-person energy shield device. It will attempt to stop any rapidly-moving projectile or energy attack that comes from a distance. It does nothing against melee attacks or shots from point-blank range. It also prevents firing past touch range.</description>
    <tickerType>Normal</tickerType>
    <statBases>
      <Mass>3.5</Mass>
      <EnergyShieldRechargeRate>0.16</EnergyShieldRechargeRate>
      <EnergyShieldEnergyMax>1.0</EnergyShieldEnergyMax>
      <DeteriorationRate>0.3</DeteriorationRate>
      <MaxHitPoints>100</MaxHitPoints>
    </statBases>
    <graphicData>
      <color>(153,51,255)</color>
      <texPath>Vanya_ShieldBelt/ShieldBelt_VV</texPath>
    </graphicData>
    <equippedStatOffsets>
      <WorkSpeedGlobal>0.15</WorkSpeedGlobal>
    </equippedStatOffsets>
    <costList>
      <Plasteel>15</Plasteel>
      <Steel>50</Steel>
      <ComponentSpacer>4</ComponentSpacer>
    </costList>
    <apparel>
      <bodyPartGroups>
        <li>Waist</li>
      </bodyPartGroups>
      <tags>
        <li>IndustrialAdvanced</li>
        <li>Tribal</li>
        <li>BeltDefensePop</li>
      </tags>
    </apparel>
    <comps>
      <li Class="VanyaMod.CompProperties_VanyaUniversalShieldBelt">
        <versionInfo>VV-C6</versionInfo>
        <startingTicksToReset>3600</startingTicksToReset>
        <energyLossPerDamage>0.056</energyLossPerDamage>
        <breakWithSmoke>true</breakWithSmoke>
        <bubbleColor>(204,255,0)</bubbleColor>
        <tabID>1822036</tabID>
      </li>
    </comps>
    <generateCommonality>0.35</generateCommonality>
  </ThingDef>
  <ThingDef ParentName="VBeltBase">
    <defName>VanyaES_VG8ds</defName>
    <label>VV-G8d 'Ranger' shield belt</label>
    <description>A single-person energy shield device. It will attempt to stop any rapidly-moving projectile or energy attack that comes from a distance. It does nothing against melee attacks or shots from point-blank range. It also prevents firing past touch range.</description>
    <tickerType>Normal</tickerType>
    <statBases>
      <Mass>4.7</Mass>
      <EnergyShieldRechargeRate>0.16</EnergyShieldRechargeRate>
      <EnergyShieldEnergyMax>1.00</EnergyShieldEnergyMax>
      <DeteriorationRate>0.8</DeteriorationRate>
      <MaxHitPoints>100</MaxHitPoints>
    </statBases>
    <graphicData>
      <color>(222,222,222)</color>
      <texPath>Vanya_ShieldBelt/ShieldBelt_VV</texPath>
    </graphicData>
    <equippedStatOffsets>
      <AimingDelayFactor>-0.05</AimingDelayFactor>
      <ShootingAccuracyPawn>0.25</ShootingAccuracyPawn>
    </equippedStatOffsets>
    <costList>
      <Plasteel>20</Plasteel>
      <Steel>50</Steel>
      <Synthread>20</Synthread>
      <ComponentSpacer>5</ComponentSpacer>
    </costList>
    <apparel>
      <bodyPartGroups>
        <li>Waist</li>
      </bodyPartGroups>
      <tags>
        <li>IndustrialMilitaryBasic</li>
        <li>IndustrialAdvanced</li>
        <li>Tribal</li>
        <li>BeltDefensePop</li>
        <li>FedSuit</li>
        <li>OCArmor</li>
      </tags>
    </apparel>
    <comps>
      <li Class="VanyaMod.CompProperties_VanyaUniversalShieldBelt">
        <versionInfo>VV-G8d</versionInfo>
        <alias>Ranger</alias>
        <startingTicksToReset>3600</startingTicksToReset>
        <energyLossPerDamage>0.028</energyLossPerDamage>
        <canDodge>true</canDodge>
        <dodgeChanceFactor>0.50</dodgeChanceFactor>
        <bubbleColor>(204,255,0)</bubbleColor>
        <tabID>1822036</tabID>
      </li>
    </comps>
    <generateCommonality>0.6</generateCommonality>
  </ThingDef>
  <ThingDef ParentName="VBeltBase">
    <defName>VanyaES_VN3rs</defName>
    <label>VV-N3r 'Archerfish' shield belt</label>
    <description>A single-person energy shield device. It will attempt to stop any rapidly-moving projectile or energy attack that comes from a distance. It does nothing against melee attacks or shots from point-blank range. It also prevents firing past touch range.</description>
    <tickerType>Normal</tickerType>
    <tradeability>Sellable</tradeability>
    <statBases>
      <MarketValue>3000</MarketValue>
      <Mass>4.2</Mass>
      <EnergyShieldRechargeRate>0.08</EnergyShieldRechargeRate>
      <EnergyShieldEnergyMax>1.20</EnergyShieldEnergyMax>
      <DeteriorationRate>0.8</DeteriorationRate>
      <MaxHitPoints>120</MaxHitPoints>
      <SellPriceFactor>0.75</SellPriceFactor>
    </statBases>
    <graphicData>
      <color>(202,238,187)</color>
      <texPath>Vanya_ShieldBelt/ShieldBelt_VV</texPath>
    </graphicData>
    <equippedStatOffsets>
      <AimingDelayFactor>-0.1</AimingDelayFactor>
      <ShootingAccuracyPawn>0.5</ShootingAccuracyPawn>
      <PsychicSensitivity>-1</PsychicSensitivity>
    </equippedStatOffsets>
    <costList>
      <Plasteel>35</Plasteel>
      <Steel>50</Steel>
      <Jade>75</Jade>
      <Synthread>100</Synthread>
      <ComponentSpacer>10</ComponentSpacer>
    </costList>
    <apparel>
      <bodyPartGroups>
        <li>Waist</li>
      </bodyPartGroups>
      <tags>
        <li>SpacerMilitary</li>
        <li>VanyaBoss</li>
      </tags>
    </apparel>
    <comps>
      <li Class="VanyaMod.CompProperties_VanyaUniversalShieldBelt">
        <versionInfo>VV-N3r</versionInfo>
        <alias>Archerfish</alias>
        <startingTicksToReset>3600</startingTicksToReset>
        <energyLossPerDamage>0.028</energyLossPerDamage>
        <meleeAbsorbFactor>3.0</meleeAbsorbFactor>
        <rangedAbsorbFactor>0.3</rangedAbsorbFactor>
        <fireFoamBurster>true</fireFoamBurster>
        <bubbleColor>(204,255,0)</bubbleColor>
        <tabID>1822036</tabID>
      </li>
    </comps>
    <generateCommonality>0.5</generateCommonality>
  </ThingDef>
  <ThingDef ParentName="VBeltBase">
    <defName>VanyaES_VN22ms</defName>
    <label>VV-N22m 'Raptor' shield belt</label>
    <description>A single-person energy shield device. It will attempt to stop any rapidly-moving projectile or energy attack that comes from a distance. It does nothing against melee attacks or shots from point-blank range. It also prevents firing past touch range.</description>
    <tickerType>Normal</tickerType>
    <tradeability>Sellable</tradeability>
    <statBases>
      <MarketValue>3200</MarketValue>
      <Mass>4.8</Mass>
      <EnergyShieldRechargeRate>0.08</EnergyShieldRechargeRate>
      <EnergyShieldEnergyMax>1.20</EnergyShieldEnergyMax>
      <DeteriorationRate>0.8</DeteriorationRate>
      <MaxHitPoints>180</MaxHitPoints>
      <SellPriceFactor>0.75</SellPriceFactor>
    </statBases>
    <graphicData>
      <color>(255,153,51)</color>
      <texPath>Vanya_ShieldBelt/ShieldBelt_VV</texPath>
    </graphicData>
    <equippedStatOffsets>
      <MoveSpeed>0.5</MoveSpeed>
      <MeleeHitChance>0.5</MeleeHitChance>
      <PsychicSensitivity>-1</PsychicSensitivity>
    </equippedStatOffsets>
    <costList>
      <Plasteel>75</Plasteel>
      <Steel>50</Steel>
      <Jade>75</Jade>
      <Synthread>75</Synthread>
      <ComponentSpacer>12</ComponentSpacer>
    </costList>
    <apparel>
      <bodyPartGroups>
        <li>Waist</li>
      </bodyPartGroups>
      <tags>
        <li>SpacerMilitary</li>
        <li>VanyaBoss</li>
        <li>BeltDefense</li>
      </tags>
    </apparel>
    <comps>
      <li Class="VanyaMod.CompProperties_VanyaUniversalShieldBelt">
        <versionInfo>VV-N22m</versionInfo>
        <alias>Raptor</alias>
        <startingTicksToReset>3600</startingTicksToReset>
        <energyLossPerDamage>0.028</energyLossPerDamage>
        <meleeAbsorbFactor>0.3</meleeAbsorbFactor>
        <rangedAbsorbFactor>2.0</rangedAbsorbFactor>
        <canDodge>true</canDodge>
        <dodgeChanceFactor>0.5</dodgeChanceFactor>
        <bubbleColor>(204,255,0)</bubbleColor>
        <tabID>1822036</tabID>
      </li>
    </comps>
    <generateCommonality>0.8</generateCommonality>
  </ThingDef>
  <ThingDef ParentName="VBeltBase">
    <defName>VanyaES_VN5s</defName>
    <label>VV-N5 'Ratel' shield belt</label>
    <description>A single-person energy shield device. It will attempt to stop any rapidly-moving projectile or energy attack that comes from a distance. It does nothing against melee attacks or shots from point-blank range. It also prevents firing past touch range.</description>
    <tickerType>Normal</tickerType>
    <tradeability>Sellable</tradeability>
    <statBases>
      <MarketValue>2500</MarketValue>
      <Mass>4.5</Mass>
      <EnergyShieldRechargeRate>1.60</EnergyShieldRechargeRate>
      <EnergyShieldEnergyMax>1.2</EnergyShieldEnergyMax>
      <DeteriorationRate>0.8</DeteriorationRate>
      <MaxHitPoints>160</MaxHitPoints>
      <SellPriceFactor>0.75</SellPriceFactor>
    </statBases>
    <graphicData>
      <color>(238,230,133)</color>
      <texPath>Vanya_ShieldBelt/ShieldBelt_VV</texPath>
    </graphicData>
    <equippedStatOffsets>
      <ImmunityGainSpeed>0.1</ImmunityGainSpeed>
      <MentalBreakThreshold>-0.05</MentalBreakThreshold>
      <PsychicSensitivity>-1</PsychicSensitivity>
    </equippedStatOffsets>
    <costList>
      <Plasteel>20</Plasteel>
      <Steel>50</Steel>
      <Jade>75</Jade>
      <DevilstrandCloth>75</DevilstrandCloth>
      <ComponentSpacer>8</ComponentSpacer>
    </costList>
    <apparel>
      <bodyPartGroups>
        <li>Waist</li>
      </bodyPartGroups>
      <tags>
        <li>SpacerMilitary</li>
        <li>IndustrialMilitaryAdvanced</li>
        <li>VanyaBoss</li>
        <li>BeltDefense</li>
      </tags>
    </apparel>
    <comps>
      <li Class="VanyaMod.CompProperties_VanyaUniversalShieldBelt">
        <versionInfo>VV-N5</versionInfo>
        <alias>Ratel</alias>
        <startingTicksToReset>3600</startingTicksToReset>
        <breakWithSmoke>true</breakWithSmoke>
        <bubbleColor>(204,255,0)</bubbleColor>
        <tabID>1822036</tabID>
      </li>
    </comps>
    <generateCommonality>0.7</generateCommonality>
  </ThingDef>
  <ThingDef ParentName="VBeltBase">
    <defName>VanyaES_VExs</defName>
    <label>VV-Ex 'Kaleidoscope' shield belt</label>
    <description>A single-person energy shield device. It will attempt to stop any rapidly-moving projectile or energy attack that comes from a distance. It does nothing against melee attacks or shots from point-blank range. It also prevents firing past touch range.</description>
    <tickerType>Normal</tickerType>
    <tradeability>Sellable</tradeability>
    <statBases>
      <MarketValue>12000</MarketValue>
      <Mass>4.6</Mass>
      <EnergyShieldRechargeRate>0.0001</EnergyShieldRechargeRate>
      <EnergyShieldEnergyMax>1.0</EnergyShieldEnergyMax>
      <DeteriorationRate>0</DeteriorationRate>
      <MaxHitPoints>140</MaxHitPoints>
      <SellPriceFactor>1.00</SellPriceFactor>
    </statBases>
    <graphicData>
      <color>(204,51,153)</color>
      <texPath>Vanya_ShieldBelt/ShieldBelt_VV</texPath>
    </graphicData>
    <equippedStatOffsets>
      <MoveSpeed>1.00</MoveSpeed>
      <AimingDelayFactor>-0.2</AimingDelayFactor>
      <PsychicSensitivity>-1.4</PsychicSensitivity>
    </equippedStatOffsets>
    <costList>
      <Plasteel>50</Plasteel>
      <Jade>75</Jade>
      <Synthread>150</Synthread>
      <Gold>50</Gold>
      <Hyperweave>50</Hyperweave>
      <ComponentSpacer>40</ComponentSpacer>
    </costList>
    <apparel>
      <bodyPartGroups>
        <li>Waist</li>
      </bodyPartGroups>
      <tags>
        <li>VanyaBoss</li>
      </tags>
    </apparel>
    <comps>
      <li Class="VanyaMod.CompProperties_VanyaUniversalShieldBelt">
        <versionInfo>VV-Ex</versionInfo>
        <alias>Kaleidoscope</alias>
        <startingTicksToReset>3600</startingTicksToReset>
        <energyOnReset>2.0</energyOnReset>
        <energyLossPerDamage>0.001</energyLossPerDamage>
        <canForceActive>true</canForceActive>
        <bubbleTexPath>Other/Vanya_ShieldBubble_VVExs</bubbleTexPath>
        <tabID>1822036</tabID>
      </li>
      <li Class="CompProperties_Glower">
        <glowRadius>1.5</glowRadius>
        <glowColor>(255,0,255,0)</glowColor>
      </li>
    </comps>
    <generateCommonality>0.3</generateCommonality>
  </ThingDef>
  <ThingDef ParentName="VBeltBase">
    <defName>VanyaES_VE12s</defName>
    <label>VV-E12 'Tai Chi' shield belt</label>
    <description>A single-person energy shield device. It will attempt to stop any rapidly-moving projectile or energy attack that comes from a distance. It does nothing against melee attacks or shots from point-blank range. It also prevents firing past touch range.</description>
    <tickerType>Normal</tickerType>
    <tradeability>Sellable</tradeability>
    <statBases>
      <MarketValue>22000</MarketValue>
      <Mass>5.8</Mass>
      <EnergyShieldRechargeRate>0.08</EnergyShieldRechargeRate>
      <EnergyShieldEnergyMax>2.4</EnergyShieldEnergyMax>
      <DeteriorationRate>0.2</DeteriorationRate>
      <MaxHitPoints>300</MaxHitPoints>
      <Insulation_Cold>200</Insulation_Cold>
      <Insulation_Heat>170</Insulation_Heat>
      <SellPriceFactor>1.00</SellPriceFactor>
    </statBases>
    <graphicData>
      <color>(240,240,240)</color>
      <texPath>Vanya_ShieldBelt/ShieldBelt_VV</texPath>
    </graphicData>
    <equippedStatOffsets>
      <ImmunityGainSpeed>0.2</ImmunityGainSpeed>
      <MentalBreakThreshold>-0.20</MentalBreakThreshold>
      <PsychicSensitivity>-1.8</PsychicSensitivity>
    </equippedStatOffsets>
    <costList>
      <Plasteel>75</Plasteel>
      <Steel>75</Steel>
      <Jade>75</Jade>
      <Synthread>75</Synthread>
      <Cloth>300</Cloth>
      <DevilstrandCloth>300</DevilstrandCloth>
      <ComponentSpacer>80</ComponentSpacer>
    </costList>
    <apparel>
      <bodyPartGroups>
        <li>Waist</li>
      </bodyPartGroups>
      <tags>
        <li>VanyaBoss</li>
      </tags>
    </apparel>
    <comps>
      <li Class="VanyaMod.CompProperties_VanyaUniversalShieldBelt">
        <versionInfo>VV-E12</versionInfo>
        <alias>Tai Chi</alias>
        <startingTicksToReset>7200</startingTicksToReset>
        <energyOnReset>5.0</energyOnReset>
        <energyLossPerDamage>0.028</energyLossPerDamage>
        <canDodge>true</canDodge>
        <dodgeChanceFactor>0.5</dodgeChanceFactor>
        <breakWithSmoke>true</breakWithSmoke>
        <canForceActive>true</canForceActive>
        <fireFoamBurster>true</fireFoamBurster>
        <bubbleTexPath>Other/Vanya_ShieldBubble_VVE12s</bubbleTexPath>
        <tabID>1822036</tabID>
      </li>
      <li Class="CompProperties_Glower">
        <glowRadius>1.5</glowRadius>
        <glowColor>(247,247,247,0)</glowColor>
      </li>
    </comps>
    <generateCommonality>0.2</generateCommonality>
  </ThingDef>
</Defs>