﻿<?xml version="1.0" encoding="utf-8"?>
<Defs>
  <ThingDef ParentName="VBeltBase">
    <defName>V_ES_D3Ds</defName>
    <label>V-D3H shield belt</label>
    <description>Vanya energy shield. "Defender" series. First generation of mass production later improvement type. Lower capacity. The cost of V-D3H is very low, suitable for mass production.</description>
    <tickerType>Normal</tickerType>
    <statBases>
      <Mass>2.8</Mass>
      <EnergyShieldRechargeRate>0.13</EnergyShieldRechargeRate>
      <EnergyShieldEnergyMax>1.0</EnergyShieldEnergyMax>
      <DeteriorationRate>1</DeteriorationRate>
      <MaxHitPoints>60</MaxHitPoints>
    </statBases>
    <graphicData>
      <color>(153,204,204)</color>
    </graphicData>
    <costList>
      <ComponentIndustrial>4</ComponentIndustrial>
      <Plasteel>35</Plasteel>
    </costList>
    <apparel>
      <bodyPartGroups>
        <li>Waist</li>
      </bodyPartGroups>
      <tags>
        <li>BeltDefensePop</li>
        <li>IndustrialMilitaryBasic</li>
        <li>IndustrialAdvanced</li>
        <li>FedSuit</li>
        <li>OCArmor</li>
      </tags>
    </apparel>
    <comps>
      <li Class="VanyaMod.CompProperties_VanyaUniversalShieldBelt">
        <versionInfo>V-D3H</versionInfo>
        <energyLossPerDamage>0.05</energyLossPerDamage>
        <bubbleColor>(0.2, 0.9, 1)</bubbleColor>
        <tabID>5292001</tabID>
      </li>
    </comps>
    <generateCommonality>0.6</generateCommonality>
  </ThingDef>
  <ThingDef ParentName="VBeltBase">
    <defName>V_ES_D4Cs</defName>
    <label>V-D4C shield belt</label>
    <description>Vanya energy shield. "Defender" series. First generation of mass production improved type. Standard capacity and energy recovery is slow. The cost of V-D4C is low, suitable for mass production.</description>
    <tickerType>Normal</tickerType>
    <statBases>
      <Mass>3.4</Mass>
      <EnergyShieldRechargeRate>0.03</EnergyShieldRechargeRate>
      <EnergyShieldEnergyMax>1.3</EnergyShieldEnergyMax>
      <DeteriorationRate>1</DeteriorationRate>
      <MaxHitPoints>80</MaxHitPoints>
    </statBases>
    <graphicData>
      <color>(178,204,230)</color>
    </graphicData>
    <costList>
      <ComponentIndustrial>8</ComponentIndustrial>
      <Plasteel>50</Plasteel>
    </costList>
    <apparel>
      <bodyPartGroups>
        <li>Waist</li>
      </bodyPartGroups>
      <tags>
        <li>BeltDefensePop</li>
        <li>Tribal</li>
        <li>IndustrialAdvanced</li>
        <li>IndustrialMilitaryBasic</li>
        <li>BeltDefense</li>
        <li>FedSuit</li>
        <li>OCArmor</li>
      </tags>
    </apparel>
    <comps>
      <li Class="VanyaMod.CompProperties_VanyaUniversalShieldBelt">
        <versionInfo>V-D4C</versionInfo>
        <bubbleColor>(0.2, 0.9, 1)</bubbleColor>
        <tabID>5292001</tabID>
      </li>
    </comps>
    <generateCommonality>0.8</generateCommonality>
  </ThingDef>
  <ThingDef ParentName="VBeltBase">
    <defName>V_ES_D5RMs</defName>
    <label>V-D5F 'Red Moon plus' shield belt</label>
    <description>Vanya energy shield. "Defender" series. Red Moon is the final mass production type of the first generation products. Energy recovery is faster than older models. V-D5F is usually offered to combat forces.</description>
    <tickerType>Normal</tickerType>
    <statBases>
      <MarketValue>1250</MarketValue>
      <Mass>3.8</Mass>
      <EnergyShieldRechargeRate>0.20</EnergyShieldRechargeRate>
      <EnergyShieldEnergyMax>1.1</EnergyShieldEnergyMax>
      <DeteriorationRate>1.0</DeteriorationRate>
      <MaxHitPoints>100</MaxHitPoints>
      <Insulation_Cold>7</Insulation_Cold>
      <Insulation_Heat>7</Insulation_Heat>
    </statBases>
    <graphicData>
      <color>(204,51,102)</color>
    </graphicData>
    <costList>
      <ComponentIndustrial>10</ComponentIndustrial>
      <Plasteel>40</Plasteel>
      <Uranium>7</Uranium>
      <Shell_Firefoam>2</Shell_Firefoam>
    </costList>
    <apparel>
      <bodyPartGroups>
        <li>Waist</li>
      </bodyPartGroups>
      <tags>
        <li>IndustrialMilitaryBasic</li>
        <li>BeltDefensePop</li>
        <li>BeltDefense</li>
        <li>FedSuit</li>
        <li>OCArmor</li>
      </tags>
    </apparel>
    <comps>
      <li Class="VanyaMod.CompProperties_VanyaUniversalShieldBelt">
        <versionInfo>V-D5F</versionInfo>
        <alias>Red Moon plus</alias>
        <energyLossPerDamage>0.03</energyLossPerDamage>
        <fireFoamBurster>true</fireFoamBurster>
        <bubbleColor>(0.2, 0.9, 1)</bubbleColor>
        <tabID>5292001</tabID>
      </li>
    </comps>
    <generateCommonality>0.8</generateCommonality>
  </ThingDef>
  <ThingDef ParentName="VBeltBase">
    <defName>V_ES_D11s</defName>
    <label>V-D11 'Sailfish' shield belt</label>
    <description>Vanya energy shield. "Defender" series. Sailfish is the simplified mass production type of the second generation products. V-D11 is usually offered to combat forces.</description>
    <tickerType>Normal</tickerType>
    <statBases>
      <Mass>2.0</Mass>
      <EnergyShieldRechargeRate>0.30</EnergyShieldRechargeRate>
      <EnergyShieldEnergyMax>1.0</EnergyShieldEnergyMax>
      <DeteriorationRate>1.0</DeteriorationRate>
      <MaxHitPoints>100</MaxHitPoints>
    </statBases>
    <graphicData>
      <color>(80,80,80)</color>
    </graphicData>
    <equippedStatOffsets>
      <MoveSpeed>0.35</MoveSpeed>
    </equippedStatOffsets>
    <costList>
      <ComponentIndustrial>10</ComponentIndustrial>
      <Plasteel>40</Plasteel>
      <ComponentSpacer>2</ComponentSpacer>
    </costList>
    <apparel>
      <bodyPartGroups>
        <li>Waist</li>
      </bodyPartGroups>
      <tags>
        <li>Tribal</li>
        <li>IndustrialAdvanced</li>
        <li>IndustrialMilitaryAdvanced</li>
        <li>BeltDefensePop</li>
        <li>BeltDefense</li>
        <li>FedSuit</li>
        <li>OCArmor</li>
      </tags>
    </apparel>
    <comps>
      <li Class="VanyaMod.CompProperties_VanyaUniversalShieldBelt">
        <canForceActive>true</canForceActive>
        <versionInfo>V-D11</versionInfo>
        <alias>Sailfish</alias>
        <bubbleColor>(0.2, 0.9, 1)</bubbleColor>
        <tabID>5292001</tabID>
      </li>
    </comps>
    <generateCommonality>0.6</generateCommonality>
  </ThingDef>
  <ThingDef ParentName="VBeltBase">
    <defName>V_ES_D14s</defName>
    <label>V-D14 'New Hope' shield belt</label>
    <description>Vanya energy shield. "Defender" series. NewHope is the civil mass production type of the second generation products. V-D14 is usually offered to workers.</description>
    <tickerType>Normal</tickerType>
    <statBases>
      <Mass>2.7</Mass>
      <EnergyShieldRechargeRate>0.28</EnergyShieldRechargeRate>
      <EnergyShieldEnergyMax>1.05</EnergyShieldEnergyMax>
      <DeteriorationRate>1.0</DeteriorationRate>
      <MaxHitPoints>100</MaxHitPoints>
      <Insulation_Cold>2</Insulation_Cold>
      <Insulation_Heat>8</Insulation_Heat>
    </statBases>
    <graphicData>
      <color>(102,178,102)</color>
    </graphicData>
    <equippedStatOffsets>
      <WorkSpeedGlobal>0.1</WorkSpeedGlobal>
      <PlantWorkSpeed>0.15</PlantWorkSpeed>
    </equippedStatOffsets>
    <costList>
      <ComponentIndustrial>10</ComponentIndustrial>
      <Plasteel>35</Plasteel>
      <ComponentSpacer>1</ComponentSpacer>
      <Uranium>3</Uranium>
    </costList>
    <apparel>
      <bodyPartGroups>
        <li>Waist</li>
      </bodyPartGroups>
      <tags>
        <li>IndustrialAdvanced</li>
        <li>BeltDefensePop</li>
        <li>FedSuit</li>
      </tags>
    </apparel>
    <comps>
      <li Class="VanyaMod.CompProperties_VanyaUniversalShieldBelt">
        <versionInfo>V-D14</versionInfo>
        <alias>New Hope</alias>
        <energyLossPerDamage>0.05</energyLossPerDamage>
        <canForceActive>true</canForceActive>
        <bubbleColor>(0.2, 0.9, 1)</bubbleColor>
        <tabID>5292001</tabID>
      </li>
    </comps>
    <generateCommonality>0.4</generateCommonality>
  </ThingDef>
  <ThingDef ParentName="VBeltBase">
    <defName>V_ES_D6s</defName>
    <label>V-D6 'Darjeeling' shield belt</label>
    <description>Vanya energy shield. "Defender" series. Darjeeling is the first mass production type of the second generation products. Protection capacity improved. V-D6 has a new power system and protection capacity improved.</description>
    <tickerType>Normal</tickerType>
    <tradeability>Sellable</tradeability>
    <statBases>
      <MarketValue>2200</MarketValue>
      <Mass>2.2</Mass>
      <EnergyShieldRechargeRate>0.24</EnergyShieldRechargeRate>
      <EnergyShieldEnergyMax>1.25</EnergyShieldEnergyMax>
      <DeteriorationRate>0.8</DeteriorationRate>
      <MaxHitPoints>120</MaxHitPoints>
      <Insulation_Cold>15</Insulation_Cold>
      <Insulation_Heat>15</Insulation_Heat>
      <SellPriceFactor>0.75</SellPriceFactor>
    </statBases>
    <graphicData>
      <color>(230,102,102)</color>
    </graphicData>
    <equippedStatOffsets>
      <MoveSpeed>0.55</MoveSpeed>
      <Flammability>-0.5</Flammability>
    </equippedStatOffsets>
    <costList>
      <ComponentIndustrial>20</ComponentIndustrial>
      <Plasteel>65</Plasteel>
      <Uranium>20</Uranium>
      <ComponentSpacer>5</ComponentSpacer>
    </costList>
    <apparel>
      <bodyPartGroups>
        <li>Waist</li>
      </bodyPartGroups>
      <tags>
        <li>IndustrialMilitaryAdvanced</li>
        <li>SpacerMilitary</li>
        <li>VanyaBoss</li>
      </tags>
    </apparel>
    <comps>
      <li Class="VanyaMod.CompProperties_VanyaUniversalShieldBelt">
        <versionInfo>V-D6</versionInfo>
        <alias>Darjeeling</alias>
        <energyLossPerDamage>0.02</energyLossPerDamage>
        <bubbleColor>(0.2, 0.9, 1)</bubbleColor>
        <tabID>5292001</tabID>
      </li>
    </comps>
    <generateCommonality>0.5</generateCommonality>
  </ThingDef>
  <ThingDef ParentName="VBeltBase">
    <defName>V_ES_D7As</defName>
    <label>V-D7A 'Maria' shield belt</label>
    <description>Vanya energy shield. "Defender" series. V-D7A is the mass production type of the second generation products. Maria immune spirit attack and protection capacity greatly improved.</description>
    <tickerType>Normal</tickerType>
    <tradeability>Sellable</tradeability>
    <statBases>
      <MarketValue>3000</MarketValue>
      <Mass>4.5</Mass>
      <EnergyShieldRechargeRate>0.06</EnergyShieldRechargeRate>
      <EnergyShieldEnergyMax>5.5</EnergyShieldEnergyMax>
      <DeteriorationRate>0.8</DeteriorationRate>
      <MaxHitPoints>150</MaxHitPoints>
      <SellPriceFactor>0.75</SellPriceFactor>
    </statBases>
    <graphicData>
      <color>(230,178,230)</color>
    </graphicData>
    <equippedStatOffsets>
      <MoveSpeed>-0.25</MoveSpeed>
      <PsychicSensitivity>-1</PsychicSensitivity>
    </equippedStatOffsets>
    <costList>
      <ComponentIndustrial>15</ComponentIndustrial>
      <Plasteel>160</Plasteel>
      <Jade>100</Jade>
      <ComponentSpacer>5</ComponentSpacer>
    </costList>
    <apparel>
      <bodyPartGroups>
        <li>Waist</li>
      </bodyPartGroups>
      <tags>
        <li>BeltDefensePop</li>
        <li>SpacerMilitary</li>
        <li>VanyaBoss</li>
      </tags>
    </apparel>
    <comps>
      <li Class="VanyaMod.CompProperties_VanyaUniversalShieldBelt">
        <versionInfo>V-D7A</versionInfo>
        <alias>Maria</alias>
        <energyLossPerDamage>0.02</energyLossPerDamage>
        <bubbleColor>(0.2, 0.9, 1)</bubbleColor>
        <tabID>5292001</tabID>
      </li>
    </comps>
    <generateCommonality>0.9</generateCommonality>
  </ThingDef>
  <ThingDef ParentName="VBeltBase">
    <defName>V_ES_D8Ss</defName>
    <label>V-D8S 'Solar Corona' shield belt</label>
    <description>Vanya energy shield. "Defender" series. Third Generation experimental type. V-D8 immune spirit attack. SolarCorona has unparalleled temperature protection and defense.</description>
    <tickerType>Normal</tickerType>
    <tradeability>Sellable</tradeability>
    <statBases>
      <MarketValue>30000</MarketValue>
      <Mass>8.0</Mass>
      <EnergyShieldRechargeRate>0.04</EnergyShieldRechargeRate>
      <EnergyShieldEnergyMax>6.0</EnergyShieldEnergyMax>
      <DeteriorationRate>0</DeteriorationRate>
      <MaxHitPoints>800</MaxHitPoints>
      <Insulation_Cold>270</Insulation_Cold>
      <Insulation_Heat>1980</Insulation_Heat>
      <SellPriceFactor>1.00</SellPriceFactor>
    </statBases>
    <graphicData>
      <color>(230,204,51)</color>
    </graphicData>
    <equippedStatOffsets>
      <MoveSpeed>-1.00</MoveSpeed>
      <Flammability>-1</Flammability>
      <ToxicSensitivity>-1</ToxicSensitivity>
      <PsychicSensitivity>-2</PsychicSensitivity>
    </equippedStatOffsets>
    <costList>
      <ComponentIndustrial>100</ComponentIndustrial>
      <Plasteel>600</Plasteel>
      <Jade>200</Jade>
      <Uranium>300</Uranium>
      <ComponentSpacer>50</ComponentSpacer>
    </costList>
    <apparel>
      <bodyPartGroups>
        <li>Waist</li>
      </bodyPartGroups>
      <tags>
        <li>VanyaBoss</li>
      </tags>
    </apparel>
    <comps>
      <li Class="VanyaMod.CompProperties_VanyaUniversalShieldBelt">
        <versionInfo>V-D8</versionInfo>
        <alias>Solar Corona</alias>
        <startingTicksToReset>7200</startingTicksToReset>
        <energyOnReset>2.0</energyOnReset>
        <energyLossPerDamage>0.012</energyLossPerDamage>
        <bubbleTexPath>Other/Vanya_ShieldBubble_VD8s</bubbleTexPath>
        <tabID>5292001</tabID>
      </li>
      <li Class="CompProperties_Glower">
        <glowRadius>1.5</glowRadius>
        <glowColor>(255,255,0,0)</glowColor>
      </li>
    </comps>
    <generateCommonality>0.1</generateCommonality>
  </ThingDef>
  <ThingDef ParentName="VBeltBase">
    <defName>V_ES_D9s</defName>
    <label>V-D9 'Aurora' shield belt</label>
    <description>Vanya energy shield. "Defender" series. Third Generation experimental type. V-D9 immune spirit attack and has unparalleled energy recovery speed. Aurora has a super power system. It will be invincible if the user's ability is strong enough.</description>
    <tickerType>Normal</tickerType>
    <tradeability>Sellable</tradeability>
    <statBases>
      <MarketValue>9000</MarketValue>
      <Mass>2.6</Mass>
      <EnergyShieldRechargeRate>0.48</EnergyShieldRechargeRate>
      <EnergyShieldEnergyMax>2.8</EnergyShieldEnergyMax>
      <DeteriorationRate>0.5</DeteriorationRate>
      <MaxHitPoints>200</MaxHitPoints>
      <Insulation_Cold>108</Insulation_Cold>
      <Insulation_Heat>70</Insulation_Heat>
      <SellPriceFactor>1.00</SellPriceFactor>
    </statBases>
    <graphicData>
      <color>(51,204,230)</color>
    </graphicData>
    <equippedStatOffsets>
      <MoveSpeed>0.75</MoveSpeed>
      <Flammability>-1</Flammability>
      <ToxicSensitivity>-0.25</ToxicSensitivity>
      <PsychicSensitivity>-1.4</PsychicSensitivity>
      <AimingDelayFactor>-0.1</AimingDelayFactor>
    </equippedStatOffsets>
    <costList>
      <ComponentIndustrial>39</ComponentIndustrial>
      <Plasteel>75</Plasteel>
      <Jade>75</Jade>
      <Uranium>35</Uranium>
      <ComponentSpacer>15</ComponentSpacer>
    </costList>
    <apparel>
      <bodyPartGroups>
        <li>Waist</li>
      </bodyPartGroups>
      <tags>
        <li>VanyaBoss</li>
      </tags>
    </apparel>
    <comps>
      <li Class="VanyaMod.CompProperties_VanyaUniversalShieldBelt">
        <versionInfo>V-D9</versionInfo>
        <alias>Aurora</alias>
        <startingTicksToReset>7200</startingTicksToReset>
        <energyOnReset>0.5</energyOnReset>
        <energyLossPerDamage>0.015</energyLossPerDamage>
        <bubbleTexPath>Other/Vanya_ShieldBubble_VD9s</bubbleTexPath>
        <tabID>5292001</tabID>
      </li>
      <li Class="CompProperties_Glower">
        <glowRadius>1.5</glowRadius>
        <glowColor>(51,204,230,0)</glowColor>
      </li>
    </comps>
    <generateCommonality>0.25</generateCommonality>
  </ThingDef>
</Defs>