﻿<?xml version="1.0" encoding="utf-8"?>
<Defs>
  <ThingDef ParentName="VBeltBase">
    <defName>VanyaES_VC6s</defName>
    <label>VV-C6 shield belt</label>
    <description>Vanya energy shield belt. Victor series. VV-C6 is the first mass-produced shield product of the Victor Military Group(VMG) after obtaining the Vanya technology license development rights. It's equipped with an excellent man-machine system. It releases smoke when it is broken. VV-C6 is usually offered to workers.</description>
    <tickerType>Normal</tickerType>
    <statBases>
      <Mass>3.5</Mass>
      <EnergyShieldRechargeRate>0.16</EnergyShieldRechargeRate>
      <EnergyShieldEnergyMax>1.0</EnergyShieldEnergyMax>
      <DeteriorationRate>0.3</DeteriorationRate>
      <MaxHitPoints>100</MaxHitPoints>
    </statBases>
    <graphicData>
      <color>(153,51,255)</color>
      <texPath>Vanya_ShieldBelt/ShieldBelt_VV</texPath>
    </graphicData>
    <equippedStatOffsets>
      <WorkSpeedGlobal>0.15</WorkSpeedGlobal>
    </equippedStatOffsets>
    <costList>
      <Plasteel>15</Plasteel>
      <Steel>50</Steel>
      <ComponentSpacer>4</ComponentSpacer>
    </costList>
    <apparel>
      <bodyPartGroups>
        <li>Waist</li>
      </bodyPartGroups>
      <tags>
        <li>IndustrialAdvanced</li>
        <li>Neolithic</li>
        <li>BeltDefensePop</li>
      </tags>
    </apparel>
    <comps>
      <li Class="VanyaMod.CompProperties_VanyaUniversalShieldBelt">
        <versionInfo>VV-C6</versionInfo>
        <startingTicksToReset>3600</startingTicksToReset>
        <energyLossPerDamage>0.056</energyLossPerDamage>
        <breakWithSmoke>true</breakWithSmoke>
        <bubbleColor>(204,255,0)</bubbleColor>
        <tabID>1822036</tabID>
      </li>
    </comps>
    <generateCommonality>0.15</generateCommonality>
  </ThingDef>
  <ThingDef ParentName="VBeltBase">
    <defName>VanyaES_VG8ds</defName>
    <label>VV-G8d Ranger</label>
    <description>Vanya energy shield belt. Victor series. The main product of the VMG. VV-G8d equips the spatial phase engine - Ranger. This shield helps the user completely avoid enemy attacks by phase shifting. Ranger is usually provided to combat forces.</description>
    <tickerType>Normal</tickerType>
    <statBases>
      <Mass>4.7</Mass>
      <EnergyShieldRechargeRate>0.16</EnergyShieldRechargeRate>
      <EnergyShieldEnergyMax>1.00</EnergyShieldEnergyMax>
      <DeteriorationRate>0.8</DeteriorationRate>
      <MaxHitPoints>100</MaxHitPoints>
    </statBases>
    <graphicData>
      <color>(222,222,222)</color>
      <texPath>Vanya_ShieldBelt/ShieldBelt_VV</texPath>
    </graphicData>
    <equippedStatOffsets>
      <AimingDelayFactor>-0.05</AimingDelayFactor>
      <ShootingAccuracyPawn>0.25</ShootingAccuracyPawn>
    </equippedStatOffsets>
    <costList>
      <Plasteel>20</Plasteel>
      <Steel>50</Steel>
      <Synthread>20</Synthread>
      <ComponentSpacer>5</ComponentSpacer>
    </costList>
    <apparel>
      <bodyPartGroups>
        <li>Waist</li>
      </bodyPartGroups>
      <tags>
        <li>IndustrialMilitaryBasic</li>
        <li>IndustrialAdvanced</li>
        <li>Neolithic</li>
        <li>BeltDefensePop</li>
        <li>FedSuit</li>
        <li>OCArmor</li>
      </tags>
    </apparel>
    <comps>
      <li Class="VanyaMod.CompProperties_VanyaUniversalShieldBelt">
        <versionInfo>VV-G8d</versionInfo>
        <alias>Ranger</alias>
        <startingTicksToReset>3600</startingTicksToReset>
        <energyLossPerDamage>0.028</energyLossPerDamage>
        <canDodge>true</canDodge>
        <dodgeChanceFactor>0.50</dodgeChanceFactor>
        <bubbleColor>(204,255,0)</bubbleColor>
        <tabID>1822036</tabID>
      </li>
    </comps>
    <generateCommonality>0.3</generateCommonality>
  </ThingDef>
  <ThingDef ParentName="VBeltBase">
    <defName>VanyaES_VN3rs</defName>
    <label>VV-N3r Archerfish</label>
    <description>Vanya energy shield belt. Victor series. One of VMG special shield products. The shield of shooter. VV-N3r is equipped with automatic fire foam burster and a mental attack immune system. Archerfish is usually provided to elite units.</description>
    <tickerType>Normal</tickerType>
    <tradeability>Sellable</tradeability>
	<thingSetMakerTags>
      <li>RewardStandardLowFreq</li>
    </thingSetMakerTags>
    <statBases>
      <MarketValue>3000</MarketValue>
      <Mass>4.2</Mass>
      <EnergyShieldRechargeRate>0.08</EnergyShieldRechargeRate>
      <EnergyShieldEnergyMax>1.20</EnergyShieldEnergyMax>
      <DeteriorationRate>0.8</DeteriorationRate>
      <MaxHitPoints>120</MaxHitPoints>
      <SellPriceFactor>0.75</SellPriceFactor>
    </statBases>
    <graphicData>
      <color>(202,238,187)</color>
      <texPath>Vanya_ShieldBelt/ShieldBelt_VV</texPath>
    </graphicData>
    <equippedStatOffsets>
      <AimingDelayFactor>-0.1</AimingDelayFactor>
      <ShootingAccuracyPawn>0.5</ShootingAccuracyPawn>
      <PsychicSensitivity>-1</PsychicSensitivity>
    </equippedStatOffsets>
    <costList>
      <Plasteel>35</Plasteel>
      <Steel>50</Steel>
      <Jade>75</Jade>
      <Synthread>100</Synthread>
      <ComponentSpacer>10</ComponentSpacer>
    </costList>
    <apparel>
      <bodyPartGroups>
        <li>Waist</li>
      </bodyPartGroups>
      <tags>
        <li>SpacerMilitary</li>
		<li>IndustrialMilitaryAdvanced</li>
        <li>VanyaBoss</li>
      </tags>
    </apparel>
    <comps>
      <li Class="VanyaMod.CompProperties_VanyaUniversalShieldBelt">
        <versionInfo>VV-N3r</versionInfo>
        <alias>Archerfish</alias>
        <startingTicksToReset>3600</startingTicksToReset>
        <energyLossPerDamage>0.028</energyLossPerDamage>
        <meleeAbsorbFactor>3.0</meleeAbsorbFactor>
        <rangedAbsorbFactor>0.12</rangedAbsorbFactor>
        <fireFoamBurster>true</fireFoamBurster>
        <bubbleColor>(204,255,0)</bubbleColor>
        <tabID>1822036</tabID>
      </li>
    </comps>
    <generateCommonality>0.21</generateCommonality>
  </ThingDef>
  <ThingDef ParentName="VBeltBase">
    <defName>VanyaES_VN22ms</defName>
    <label>VV-N22m Raptor</label>
    <description>Vanya energy shield belt. Victor series. One of VMG special shield products. The shield of fighter. VV-N22m equips the spatial phase engine - Ranger. This shield helps the user completely avoid enemy attacks by phase shifting. VV-N22m is equipped with a mental attack immune system.</description>
    <tickerType>Normal</tickerType>
    <tradeability>Sellable</tradeability>
	<thingSetMakerTags>
      <li>RewardStandardLowFreq</li>
    </thingSetMakerTags>
    <statBases>
      <MarketValue>3200</MarketValue>
      <Mass>4.8</Mass>
      <EnergyShieldRechargeRate>0.08</EnergyShieldRechargeRate>
      <EnergyShieldEnergyMax>1.20</EnergyShieldEnergyMax>
      <DeteriorationRate>0.8</DeteriorationRate>
      <MaxHitPoints>180</MaxHitPoints>
      <SellPriceFactor>0.75</SellPriceFactor>
    </statBases>
    <graphicData>
      <color>(255,153,51)</color>
      <texPath>Vanya_ShieldBelt/ShieldBelt_VV</texPath>
    </graphicData>
    <equippedStatOffsets>
      <MoveSpeed>0.5</MoveSpeed>
      <MeleeHitChance>0.5</MeleeHitChance>
      <PsychicSensitivity>-1</PsychicSensitivity>
    </equippedStatOffsets>
    <costList>
      <Plasteel>75</Plasteel>
      <Steel>50</Steel>
      <Jade>75</Jade>
      <Synthread>75</Synthread>
      <ComponentSpacer>12</ComponentSpacer>
    </costList>
    <apparel>
      <bodyPartGroups>
        <li>Waist</li>
      </bodyPartGroups>
      <tags>
        <li>SpacerMilitary</li>
		<li>IndustrialMilitaryAdvanced</li>
        <li>VanyaBoss</li>
		<li>VanyaNoble</li>
        <li>BeltDefense</li>
      </tags>
    </apparel>
    <comps>
      <li Class="VanyaMod.CompProperties_VanyaUniversalShieldBelt">
        <versionInfo>VV-N22m</versionInfo>
        <alias>Raptor</alias>
        <startingTicksToReset>3600</startingTicksToReset>
        <energyLossPerDamage>0.028</energyLossPerDamage>
        <meleeAbsorbFactor>0.1</meleeAbsorbFactor>
        <rangedAbsorbFactor>2.0</rangedAbsorbFactor>
        <canDodge>true</canDodge>
		<fireFoamBurster>true</fireFoamBurster>
        <dodgeChanceFactor>0.5</dodgeChanceFactor>
        <bubbleColor>(204,255,0)</bubbleColor>
        <tabID>1822036</tabID>
      </li>
    </comps>
    <generateCommonality>0.24</generateCommonality>
  </ThingDef>
  <ThingDef ParentName="VBeltBase">
    <defName>VanyaES_VN5s</defName>
    <label>VV-N5 Ratel</label>
    <description>Vanya energy shield belt. Victor series. One of VMG special shield products. The shield of stationary. VV-N5 is equipped with a mental attack immune system. It releases smoke when it is broken. Ratel is usually provided to elite units.</description>
    <tickerType>Normal</tickerType>
    <tradeability>Sellable</tradeability>
    <statBases>
      <MarketValue>2500</MarketValue>
      <Mass>4.5</Mass>
      <EnergyShieldRechargeRate>1.60</EnergyShieldRechargeRate>
      <EnergyShieldEnergyMax>1.2</EnergyShieldEnergyMax>
      <DeteriorationRate>0.8</DeteriorationRate>
      <MaxHitPoints>160</MaxHitPoints>
      <SellPriceFactor>0.75</SellPriceFactor>
	  <SmokepopBeltRadius>2</SmokepopBeltRadius>
    </statBases>
    <graphicData>
      <color>(238,230,133)</color>
      <texPath>Vanya_ShieldBelt/ShieldBelt_VV</texPath>
    </graphicData>
    <equippedStatOffsets>
      <ImmunityGainSpeed>0.1</ImmunityGainSpeed>
      <MentalBreakThreshold>-0.05</MentalBreakThreshold>
      <PsychicSensitivity>-1</PsychicSensitivity>
    </equippedStatOffsets>
    <costList>
      <Plasteel>20</Plasteel>
      <Steel>50</Steel>
      <Jade>75</Jade>
      <DevilstrandCloth>75</DevilstrandCloth>
      <ComponentSpacer>8</ComponentSpacer>
    </costList>
    <apparel>
      <bodyPartGroups>
        <li>Waist</li>
      </bodyPartGroups>
      <tags>
        <li>SpacerMilitary</li>
        <li>IndustrialMilitaryAdvanced</li>
        <li>VanyaBoss</li>
        <li>BeltDefense</li>
		<li>BeltDefensePop</li>
		<li>VanyaNoble</li>
      </tags>
    </apparel>
    <comps>
      <li Class="VanyaMod.CompProperties_VanyaUniversalShieldBelt">
        <versionInfo>VV-N5</versionInfo>
        <alias>Ratel</alias>
        <startingTicksToReset>3600</startingTicksToReset>
		<energyLossPerDamage>0.025</energyLossPerDamage>
        <breakWithSmoke>true</breakWithSmoke>
        <bubbleColor>(204,255,0)</bubbleColor>
        <tabID>1822036</tabID>
      </li>
    </comps>
    <generateCommonality>0.28</generateCommonality>
  </ThingDef>
  <ThingDef ParentName="VBeltBase">
    <defName>VanyaES_VE14s</defName>
    <label>VV-E14 Empire</label>
    <description>Vanya energy shield belt. Victor series. VV-E14 is a product for empire consumers. it was developed based on the experience of VV-E12 Tai Chi. Empire has strengthened psychic ability.</description>
    <tickerType>Normal</tickerType>
    <tradeability>Sellable</tradeability>
	<thingSetMakerTags>
      <li>RewardStandardLowFreq</li>
    </thingSetMakerTags>
    <statBases>
      <MarketValue>3500</MarketValue>
      <Mass>5.5</Mass>
      <EnergyShieldRechargeRate>0.16</EnergyShieldRechargeRate>
      <EnergyShieldEnergyMax>1.8</EnergyShieldEnergyMax>
      <DeteriorationRate>0.8</DeteriorationRate>
      <MaxHitPoints>250</MaxHitPoints>
	  <SmokepopBeltRadius>2</SmokepopBeltRadius>
	  <SellPriceFactor>0.75</SellPriceFactor>
    </statBases>
    <graphicData>
      <color>(248,220,100)</color>
      <texPath>Vanya_ShieldBelt/ShieldBelt_VV</texPath>
    </graphicData>
    <equippedStatOffsets>
      <PsychicEntropyMax>5</PsychicEntropyMax>
	  <PsychicEntropyRecoveryRate>0.5</PsychicEntropyRecoveryRate>
      <PsychicSensitivity>0.2</PsychicSensitivity>
    </equippedStatOffsets>
    <costList>
      <Plasteel>20</Plasteel>
	  <Hyperweave>50</Hyperweave>
      <DevilstrandCloth>75</DevilstrandCloth>
      <ComponentSpacer>10</ComponentSpacer>
    </costList>
    <apparel>
      <bodyPartGroups>
        <li>Waist</li>
      </bodyPartGroups>
      <tags>
        <li>VanyaBoss</li>
        <li>VanyaNoble</li>
      </tags>
    </apparel>
    <comps>
      <li Class="VanyaMod.CompProperties_VanyaUniversalShieldBelt">
        <versionInfo>VV-N14</versionInfo>
        <alias>Empire</alias>
        <startingTicksToReset>3600</startingTicksToReset>
		<energyLossPerDamage>0.015</energyLossPerDamage>
		<canDodge>true</canDodge>
        <breakWithSmoke>true</breakWithSmoke>
		<fireFoamBurster>true</fireFoamBurster>
        <bubbleColor>(204,255,0)</bubbleColor>
        <tabID>1822036</tabID>
      </li>
    </comps>
    <generateCommonality>0.25</generateCommonality>
  </ThingDef>
  <ThingDef ParentName="VBeltBase">
    <defName>VanyaES_VExs</defName>
    <label>VV-Ex Kaleidoscope</label>
    <description>Vanya energy shield belt. Victor series. The shield of mobility. VMG cutting-edge shield test works. The shield can be forced to reactivate by consuming hit points when it is broken. VV-Ex's recharge rate is unmatched. Kaleidoscope is a jewel in shield products.</description>
    <tickerType>Normal</tickerType>
    <tradeability>Sellable</tradeability>
	<thingSetMakerTags>
      <li>RewardStandardLowFreq</li>
    </thingSetMakerTags>
    <statBases>
      <MarketValue>12000</MarketValue>
      <Mass>4.6</Mass>
      <EnergyShieldRechargeRate>0.0001</EnergyShieldRechargeRate>
      <EnergyShieldEnergyMax>1.0</EnergyShieldEnergyMax>
      <DeteriorationRate>0</DeteriorationRate>
      <MaxHitPoints>140</MaxHitPoints>
      <SellPriceFactor>1.00</SellPriceFactor>
    </statBases>
    <graphicData>
      <color>(204,51,153)</color>
      <texPath>Vanya_ShieldBelt/ShieldBelt_VV</texPath>
    </graphicData>
    <equippedStatOffsets>
      <MoveSpeed>1.00</MoveSpeed>
      <AimingDelayFactor>-0.2</AimingDelayFactor>
	  <PsychicEntropyMax>8</PsychicEntropyMax>
    </equippedStatOffsets>
    <costList>
      <Plasteel>50</Plasteel>
      <Jade>75</Jade>
      <Synthread>150</Synthread>
      <Gold>50</Gold>
      <Hyperweave>50</Hyperweave>
      <ComponentSpacer>40</ComponentSpacer>
    </costList>
    <apparel>
      <bodyPartGroups>
        <li>Waist</li>
      </bodyPartGroups>
      <tags>
        <li>VanyaBoss</li>
		<li>VanyaRoyal</li>
      </tags>
    </apparel>
    <comps>
      <li Class="VanyaMod.CompProperties_VanyaUniversalShieldBelt">
        <versionInfo>VV-Ex</versionInfo>
        <alias>Kaleidoscope</alias>
        <startingTicksToReset>3600</startingTicksToReset>
        <energyOnReset>2.0</energyOnReset>
        <energyLossPerDamage>0.001</energyLossPerDamage>
        <canForceActive>true</canForceActive>
        <bubbleTexPath>Other/Vanya_ShieldBubble_VVExs</bubbleTexPath>
        <tabID>1822036</tabID>
      </li>
      <li Class="CompProperties_Glower">
        <glowRadius>1.5</glowRadius>
        <glowColor>(255,0,255,0)</glowColor>
      </li>
    </comps>
    <generateCommonality>0.12</generateCommonality>
  </ThingDef>
  <ThingDef ParentName="VBeltBase">
    <defName>VanyaES_VE12s</defName>
    <label>VV-E12 Tai Chi</label>
    <description>Vanya energy shield belt. Victor series. All-around shield. VMG cutting-edge shield test works. VV-E12 equips the spatial phase engine - Ranger. This shield helps the user completely avoid enemy attacks by phase shifting. VV-E12 is equipped with automatic fire foam burster, a mental attack immune system and a temperature control system. The shield can be forced to reactivate by consuming hit points when it is broken.</description>
    <tickerType>Normal</tickerType>
    <tradeability>Sellable</tradeability>
	<thingSetMakerTags>
      <li>RewardStandardLowFreq</li>
    </thingSetMakerTags>
    <statBases>
      <MarketValue>22000</MarketValue>
      <Mass>5.8</Mass>
      <EnergyShieldRechargeRate>0.08</EnergyShieldRechargeRate>
      <EnergyShieldEnergyMax>2.4</EnergyShieldEnergyMax>
      <DeteriorationRate>0.2</DeteriorationRate>
      <MaxHitPoints>300</MaxHitPoints>
      <Insulation_Cold>200</Insulation_Cold>
      <Insulation_Heat>170</Insulation_Heat>
      <SellPriceFactor>1.00</SellPriceFactor>
	  <SmokepopBeltRadius>3</SmokepopBeltRadius>
    </statBases>
    <graphicData>
      <color>(240,240,240)</color>
      <texPath>Vanya_ShieldBelt/ShieldBelt_VV</texPath>
    </graphicData>
    <equippedStatOffsets>
      <ImmunityGainSpeed>0.2</ImmunityGainSpeed>
      <MentalBreakThreshold>-0.20</MentalBreakThreshold>
      <PsychicSensitivity>-1.8</PsychicSensitivity>
    </equippedStatOffsets>
    <costList>
      <Plasteel>75</Plasteel>
      <Steel>75</Steel>
      <Jade>75</Jade>
      <Synthread>75</Synthread>
      <Cloth>300</Cloth>
      <DevilstrandCloth>300</DevilstrandCloth>
      <ComponentSpacer>80</ComponentSpacer>
    </costList>
    <apparel>
      <bodyPartGroups>
        <li>Waist</li>
      </bodyPartGroups>
      <tags>
        <li>VanyaBoss</li>
		<li>VanyaNoble</li>
      </tags>
    </apparel>
    <comps>
      <li Class="VanyaMod.CompProperties_VanyaUniversalShieldBelt">
        <versionInfo>VV-E12</versionInfo>
        <alias>Tai Chi</alias>
        <startingTicksToReset>7200</startingTicksToReset>
        <energyOnReset>5.0</energyOnReset>
        <energyLossPerDamage>0.022</energyLossPerDamage>
        <canDodge>true</canDodge>
        <dodgeChanceFactor>0.5</dodgeChanceFactor>
        <breakWithSmoke>true</breakWithSmoke>
        <canForceActive>true</canForceActive>
        <fireFoamBurster>true</fireFoamBurster>
        <bubbleTexPath>Other/Vanya_ShieldBubble_VVE12s</bubbleTexPath>
        <tabID>1822036</tabID>
      </li>
      <li Class="CompProperties_Glower">
        <glowRadius>1.5</glowRadius>
        <glowColor>(247,247,247,0)</glowColor>
      </li>
    </comps>
    <generateCommonality>0.1</generateCommonality>
  </ThingDef>
</Defs>